{"cameraMode":{"drawMode":0,"name":"Shaded","section":"Shading Mode"},"sceneLighting":true,"audioPlay":false,"sceneViewState":{"m_AlwaysRefresh":false,"showFog":true,"showSkybox":true,"showFlares":true,"showImageEffects":true,"showParticleSystems":true,"showVisualEffectGraphs":true,"m_FxEnabled":true},"in2DMode":false,"pivot":{"x":1.0606441497802735,"y":2.983154296875,"z":0.22784411907196046},"rotation":{"x":-0.0031628208234906198,"y":0.7113295197486877,"z":0.0032010050490498544,"w":0.7028443217277527},"size":4.069354057312012,"orthographic":true}